Error starting at line : 1 in command -
select or replace procedure record (R number, N number, M number)
is
begin
insert into school values(R,N,M)
end
Error at Command Line : 1 Column : 8
Error report -





SQL> select or replace procedure record (R number, N number, M number)
  2  is
  3  begin
  4  insert into school values(R,N,M)
  5* end;

Error starting at line : 1 in command -
select or replace procedure record (R number, N number, M number)
is
begin
insert into school values(R,N,M)
end
Error at Command Line : 1 Column : 8
Error report -






SQL> select or replace procedure record (R number, N number, M number)
  2  is
  3  begin
  4* insert into school2 values(R,N,M);
Error starting at line : 1 in command -
select or replace procedure record (R number, N number, M number)
is
begin
insert into school2 values(R,N,M)
Error at Command Line : 1 Column : 8
Error report -
SQL Error: ORA-00936: missing expression






SQL> select or replace procedure record (R number, N number, M number)
  2  is
  3  begin
  4* insert into school2 values(R,N,M);

Error starting at line : 1 in command -
select or replace procedure record (R number, N number, M number)
is
begin
insert into school2 values(R,N,M)
Error at Command Line : 1 Column : 8
Error report -
SQL Error: ORA-00936: missing expression




SQL> select or replace procedure record (R number, N number, M number)
  2  is
  3  begin
  4* insert into school2 values(R,N,M);

Error starting at line : 1 in command -
select or replace procedure record (R number, N number, M number)
is
begin
insert into school2 values(R,N,M)
Error at Command Line : 1 Column : 8
Error report -
SQL Error: ORA-00936: missing expression




SQL> select or replace procedure record (R number, N number, M number)
  2  is
  3  begin
  4  insert into school2 values(R,N,M);
  5  end;
  6* /
Error starting at line : 1 in command -
select or replace procedure record (R number, N number, M number)
is
begin
insert into school2 values(R,N,M)
Error at Command Line : 1 Column : 8
Error report -
SQL Error: ORA-00936: missing expression
00936. 00000 -  "missing expression"
*Cause:    
*Action:

Error starting at line : 1 in command -
end
Error report -
Unknown Command


Error starting at line : 1 in command -
select or replace procedure record (R number, N number, M number)
is
begin
insert into school2 values(R,N,M)
Error at Command Line : 1 Column : 8
Error report -
SQL Error: ORA-00936: missing expression





SQL> create or replace procedure record (R number, N number, M number)
  2  is
  3  begin







SQL> create or replace procedure createbankaccount (name char, postcode char, actype, char, city char)
  2  is
  3  begin
  4  insert into bank values((select upper(substr(actype,1,1)|| upper(subtr(city,1,1)|| lpad(nvl(max(substr(accno,3,3))+1,1)3,'0')) from bank where substr(accno,1,1)=upper(substr(actype,1,1)),name, postcode)
  5  end;
  7* /
Procedure CREATEBANKACCOUNT compiled

Errors: check compiler log
SQL> show errors

Errors for PROCEDURE HR.CREATEBANKACCOUNT:

LINE/COL ERROR
-------- -----------------------------------------------------------------------------------------
1/62     PLS-00103: Encountered the symbol "," when expecting one of the following:
         
         in out <an identifier> <a double-quoted delimited-identifier>
         ... long double ref char time timestamp interval date binary
         national character nchar
         The symbol "," was ignored.
         
4/26     PLS-00103: Encountered the symbol "SELECT" when expecting one of the following:
         
         ( - + case mod new not null <an identifier>
         <a double-quoted delimited-identifier> <a bind variable>
         continue avg count current exists max min prior sql stddev
         sum variance execute forall merge time timestamp interval
         date <a string literal with character set specification>
         <a number> <a single-quoted SQL string> pipe
         <an alternatively-quoted string literal with character set specification>
         <an alternat
4/120    PLS-00103: Encountered the symbol "3" when expecting one of the following:
         
         . ( ) , * % & = - + < / > at in is mod remainder not rem =>
         <an exponent (**)> <> or != or ~= >= <= <> and or like like2
         like4 likec as between from using || multiset member
         submultiset
         The symbol "(" was substituted for "3" to continue.
         
4/138    PLS-00103: Encountered the symbol "WHERE" when expecting one of the following:
         
         . ( ) * @ % & - + / at mod remainder rem <an exponent (**)>
         || multiset
         
4/187    PLS-00103: Encountered the symbol "," when expecting one of the following:






SQL> create or replace procedure createbankaccount (name char, postcode char, actype char, city char)
  2  is
  3  begin
  4  insert into bank values((select upper(substr(actype,1,1)|| upper(subtr(city,1,1)|| lpad(nvl(max(substr(accno,3,3))+1,1)3,'0')) from bank where substr(accno,1,1)=upper(substr(actype,1,1)),name, postcode)
  5  end;
  7* /
Procedure CREATEBANKACCOUNT compiled

Errors: check compiler log
SQL> show errors

Errors for PROCEDURE HR.CREATEBANKACCOUNT:

LINE/COL ERROR
-------- ----------------------------------------------------------
4/1      PL/SQL: SQL Statement ignored
4/1      PL/SQL: ORA-00921: unexpected end of SQL command
SQL> create or replace procedure CreateBankAccount(Name char, City char, ActType char)


Procedure CREATEBANKACCOUNT compiled

Errors: check compiler log
SQL> is

Error starting at line : 1 in command -
is
Error report -
Unknown Command

SQL> begin
  2  insert into bank values (( select upper(substr(ActType,1,1))||upper(substr(City,1,1))||lpad(nvl(max(substr(accno,3,3))+1,1),3,'0') from bank where substr(accno,1,1)=upper(substr(ActType,1,1))),Name,City);
  3  end;
  4  /
May 22, 2019 9:48:49 AM oracle.dbtools.raptor.newscriptrunner.ScriptExecutor run
SEVERE: java.lang.String.substring(String.java:1963)
java.lang.StringIndexOutOfBoundsException: String index out of range: 550
	at java.lang.String.substring(String.java:1963)
	at oracle.dbtools.raptor.newscriptrunner.PLSQL.adjustColError(PLSQL.java:191)
	at oracle.dbtools.raptor.newscriptrunner.PLSQL.handleException(PLSQL.java:116)
	at oracle.dbtools.raptor.newscriptrunner.PLSQL.run(PLSQL.java:87)
	at oracle.dbtools.raptor.newscriptrunner.ScriptRunner.runPLSQL(ScriptRunner.java:324)
	at oracle.dbtools.raptor.newscriptrunner.ScriptRunner.run(ScriptRunner.java:220)
	at oracle.dbtools.raptor.newscriptrunner.ScriptExecutor.run(ScriptExecutor.java:331)
	at oracle.dbtools.raptor.newscriptrunner.ScriptExecutor.run(ScriptExecutor.java:221)
	at oracle.dbtools.raptor.scriptrunner.cmdline.SqlCli.process(SqlCli.java:328)
	at oracle.dbtools.raptor.scriptrunner.cmdline.SqlCli.processLine(SqlCli.java:335)
	at oracle.dbtools.raptor.scriptrunner.cmdline.SqlCli.startSQLPlus(SqlCli.java:966)
	at oracle.dbtools.raptor.scriptrunner.cmdline.SqlCli.main(SqlCli.java:391)

SQL> create or replace procedure CreateBankAccount(Name char, City char, ActType char)
  2  is
  3  begin
  4  insert into bank values (( select upper(substr(ActType,1,1))||upper(substr(City,1,1))||lpad(nvl(max(substr(accno,3,3))+1,1),3,'0') from bank where substr(accno,1,1)=upper(substr(ActType,1,1))),Name,City);
  5  end;
  6  /

Procedure CREATEBANKACCOUNT compiled

Errors: check compiler log
SQL> show errors

Errors for PROCEDURE HR.CREATEBANKACCOUNT:

LINE/COL ERROR
-------- --------------------------------------------------------
4/1      PL/SQL: SQL Statement ignored
4/155    PL/SQL: ORA-00904: "ACCNO": invalid identifier
SQL> select * from bank;

ACNO  NAME       ADDRESS   
----- ---------- ----------
sm001 James      Manchester
sm002 James      Manchester
sm003 James      Manchester
sm004 James      Manchester
sm005 James      Manchester
sm006 James      Manchester
sm007 James      Manchester
sm008 James      Manchester
sm009 James      Manchester
sm010 James      Manchester
sm011 James      Manchester
sm012 James      Manchester
sm013 James      Manchester
sm014 James      Manchester






SQL> create or replace procedure CreateBankAccount(Name char, City char, ActType char)
  2  is
  3  begin
  4  insert into bank values (( select upper(substr(ActType,1,1))||upper(substr(City,1,1))||lpad(nvl(max(substr(acno,3,3))+1,1),3,'0') from bank where substr(acno,1,1)=upper(substr(ActType,1,1))),Name,City);
  5  end;
  6* /
Procedure CREATEBANKACCOUNT compiled

SQL> show error
No errors.
SQL> call CreateBankAccount(Garry,Swindon,Savings);

Error starting at line : 1 in command -
call CreateBankAccount(Garry,Swindon,Savings)
Error report -
ORA-06576: not a valid function or procedure name
06576. 00000 -  "not a valid function or procedure name"
*Cause:    Could not find a function (if an INTO clause was present) or
           a procedure (if the statement did not have an INTO clause) to
           call.


SQL> call CreateBankAccount(Garry,Swin,Savings);
Error starting at line : 1 in command -
call CreateBankAccount(Garry,Swin,Savings)
Error report -
ORA-06576: not a valid function or procedure name
06576. 00000 -  "not a valid function or procedure name"










SQL> call createbankaccount('garry','swindon','savings');
Call completed.

SQL> call createbankaccount('Micheal,'swindon','savings');

Error starting at line : 1 in command -
call createbankaccount('Micheal,'swindon','savings')
Error report -
ORA-01756: quoted string not properly terminated
01756. 00000 -  "quoted string not properly terminated"
*Cause:    


SQL> call createbankaccount('Micheal','swindon','savings');
Call completed.

SQL> select*from bank;

ACNO  NAME       ADDRESS   
----- ---------- ----------
SS001 garry      swindon   
SS002 Micheal    swindon   
sm001 James      Manchester
sm002 James      Manchester
sm003 James      Manchester
sm004 James      Manchester
sm005 James      Manchester
sm006 James      Manchester
sm007 James      Manchester
sm008 James      Manchester
sm009 James      Manchester
sm010 James      Manchester
sm011 James      Manchester
sm012 James      Manchester
sm013 James      Manchester
sm014 James      Manchester
sm015 James      Manchester

17 rows selected. 

SQL> 



SQL> create or replace procedure firstprocedure is begin dbms_output.put_line('hello');
  2   end;
  3* /
Procedure FIRSTPROCEDURE compiled

SQL> call firstprocedure();

Call completed.

SQL> show errors
No errors.
SQL> set serverouput on;



SQL> create or replace procedure firstprocedure 
  2  is 
  3  begin 
  4  dbms_output.put_line('hello');
  5   end;
  6* /
Procedure FIRSTPROCEDURE compiled

SQL> call firstprocedure();
hello





SQL> create or replace procedure firstprocedure 
  2  is 
  3  begin 
  4  dbms_output.put_line('hello');
  5  dbms_output.put_line('Lucadose');
  6   end;
  7* /
Procedure FIRSTPROCEDURE compiled

SQL> call firstprocedure;

Error starting at line : 1 in command -
call firstprocedure
Error report -
ORA-06576: not a valid function or procedure name












SQL> call firstprocedure();
hello
Lucadose


Call completed.

SQL> create or replace procedure addition
  2  is
  3  A number(3);
  4  B number(3);
  5  C number(3);
  6  begin
  7  A:=15;
  8  B:=20;
  9  C:=A+B;
 10  dbms_output.put_line('the result')
 11  dbms_output.put_line(c);
 12  end;
 13  /

Procedure ADDITION compiled

Errors: check compiler log












SQL> create or replace procedure addition
  2  is
  3  A number(3);
  4  B number(3);
  5  C number(3);
  6  begin
  7  A:=15;
  8  B:=20;
  9  C:=A+B;
 10  dbms_output.put_line('the result');
 11  dbms_output.put_line(c);

















SQL> create or replace procedure addition2 (A number, B number, C number) 
  2  is
  3  Result number(3);
  4  begin
  5  result:=A+B+C;
  6  dbms_output.put_line('Result is'|| Result );
  7  end;
  8* /
Procedure ADDITION2 compiled

SQL> call addition2(6,9,8);
Result is23


Call completed.

SQL> call addition2(3,9,10);
Result is22


Call completed.

SQL> call addition2(10,10,10);
Result is30


Call completed.

SQL> 
Errors: check compiler log
SQL> show errors

Errors for PROCEDURE HR.CREATEBANKACCOUNT:

LINE/COL ERROR
-------- ----------------------------------------------------------
4/1      PL/SQL: SQL Statement ignored
4/1      PL/SQL: ORA-00921: unexpected end of SQL command
SQL> create or replace procedure CreateBankAccount(Name char, City char, ActType char)


Procedure CREATEBANKACCOUNT compiled

Errors: check compiler log
SQL> is

Error starting at line : 1 in command -
is
Error report -
Unknown Command

SQL> begin
  2  insert into bank values (( select upper(substr(ActType,1,1))||upper(substr(City,1,1))||lpad(nvl(max(substr(accno,3,3))+1,1),3,'0') from bank where substr(accno,1,1)=upper(substr(ActType,1,1))),Name,City);
  3  end;
  4  /
May 22, 2019 9:48:49 AM oracle.dbtools.raptor.newscriptrunner.ScriptExecutor run
SEVERE: java.lang.String.substring(String.java:1963)
java.lang.StringIndexOutOfBoundsException: String index out of range: 550
	at java.lang.String.substring(String.java:1963)
	at oracle.dbtools.raptor.newscriptrunner.PLSQL.adjustColError(PLSQL.java:191)
	at oracle.dbtools.raptor.newscriptrunner.PLSQL.handleException(PLSQL.java:116)
	at oracle.dbtools.raptor.newscriptrunner.PLSQL.run(PLSQL.java:87)
	at oracle.dbtools.raptor.newscriptrunner.ScriptRunner.runPLSQL(ScriptRunner.java:324)
	at oracle.dbtools.raptor.newscriptrunner.ScriptRunner.run(ScriptRunner.java:220)
	at oracle.dbtools.raptor.newscriptrunner.ScriptExecutor.run(ScriptExecutor.java:331)
	at oracle.dbtools.raptor.newscriptrunner.ScriptExecutor.run(ScriptExecutor.java:221)
	at oracle.dbtools.raptor.scriptrunner.cmdline.SqlCli.process(SqlCli.java:328)
	at oracle.dbtools.raptor.scriptrunner.cmdline.SqlCli.processLine(SqlCli.java:335)
	at oracle.dbtools.raptor.scriptrunner.cmdline.SqlCli.startSQLPlus(SqlCli.java:966)
	at oracle.dbtools.raptor.scriptrunner.cmdline.SqlCli.main(SqlCli.java:391)

SQL> create or replace procedure CreateBankAccount(Name char, City char, ActType char)
  2  is
  3  begin
  4  insert into bank values (( select upper(substr(ActType,1,1))||upper(substr(City,1,1))||lpad(nvl(max(substr(accno,3,3))+1,1),3,'0') from bank where substr(accno,1,1)=upper(substr(ActType,1,1))),Name,City);
  5  end;
  6  /

Procedure CREATEBANKACCOUNT compiled

Errors: check compiler log
SQL> show errors

Errors for PROCEDURE HR.CREATEBANKACCOUNT:

LINE/COL ERROR
-------- --------------------------------------------------------
4/1      PL/SQL: SQL Statement ignored
4/155    PL/SQL: ORA-00904: "ACCNO": invalid identifier
SQL> select * from bank;

ACNO  NAME       ADDRESS   
----- ---------- ----------
sm001 James      Manchester
sm002 James      Manchester
sm003 James      Manchester
sm004 James      Manchester
sm005 James      Manchester
sm006 James      Manchester
sm007 James      Manchester
sm008 James      Manchester
sm009 James      Manchester
sm010 James      Manchester
sm011 James      Manchester
sm012 James      Manchester
sm013 James      Manchester
sm014 James      Manchester






SQL> create or replace procedure CreateBankAccount(Name char, City char, ActType char)
  2  is
  3  begin
  4  insert into bank values (( select upper(substr(ActType,1,1))||upper(substr(City,1,1))||lpad(nvl(max(substr(acno,3,3))+1,1),3,'0') from bank where substr(acno,1,1)=upper(substr(ActType,1,1))),Name,City);
  5  end;
  6* /
Procedure CREATEBANKACCOUNT compiled

SQL> show error
No errors.
SQL> call CreateBankAccount(Garry,Swindon,Savings);

Error starting at line : 1 in command -
call CreateBankAccount(Garry,Swindon,Savings)
Error report -
ORA-06576: not a valid function or procedure name
06576. 00000 -  "not a valid function or procedure name"
*Cause:    Could not find a function (if an INTO clause was present) or
           a procedure (if the statement did not have an INTO clause) to
           call.


SQL> call CreateBankAccount(Garry,Swin,Savings);
Error starting at line : 1 in command -
call CreateBankAccount(Garry,Swin,Savings)
Error report -
ORA-06576: not a valid function or procedure name
06576. 00000 -  "not a valid function or procedure name"










SQL> call createbankaccount('garry','swindon','savings');
Call completed.

SQL> call createbankaccount('Micheal,'swindon','savings');

Error starting at line : 1 in command -
call createbankaccount('Micheal,'swindon','savings')
Error report -
ORA-01756: quoted string not properly terminated
01756. 00000 -  "quoted string not properly terminated"
*Cause:    


SQL> call createbankaccount('Micheal','swindon','savings');
Call completed.

SQL> select*from bank;

ACNO  NAME       ADDRESS   
----- ---------- ----------
SS001 garry      swindon   
SS002 Micheal    swindon   
sm001 James      Manchester
sm002 James      Manchester
sm003 James      Manchester
sm004 James      Manchester
sm005 James      Manchester
sm006 James      Manchester
sm007 James      Manchester
sm008 James      Manchester
sm009 James      Manchester
sm010 James      Manchester
sm011 James      Manchester
sm012 James      Manchester
sm013 James      Manchester
sm014 James      Manchester
sm015 James      Manchester

17 rows selected. 

SQL> call createbankaccoun('Arun','london','savings');
Error starting at line : 1 in command -
call createbankaccoun('Arun','london','savings')
Error report -
ORA-06576: not a valid function or procedure name
06576. 00000 -  "not a valid function or procedure name"
*Cause:    Could not find a function (if an INTO clause was present) or
           a procedure (if the statement did not have an INTO clause) to
           call.


SQL> call createbankaccount('Arun','london','savings');
Call completed.


SQL> call createbankaccount('Julia','london','savings');
Call completed.


SQL> call createbankaccount('Julia','Manchester','savings');
Call completed.

SQL> select*from bank;

ACNO  NAME       ADDRESS   
----- ---------- ----------
SS001 garry      swindon   
SS002 Micheal    swindon   
SL003 Arun       london    
SL004 Julia      london    
SM005 Julia      Manchester
sm001 James      Manchester
sm002 James      Manchester
sm003 James      Manchester
sm004 James      Manchester
sm005 James      Manchester
sm006 James      Manchester
sm007 James      Manchester
sm008 James      Manchester
sm009 James      Manchester
sm010 James      Manchester
sm011 James      Manchester
sm012 James      Manchester
sm013 James      Manchester
sm014 James      Manchester
sm015 James      Manchester

20 rows selected. 

SQL> 


